Change, Chromosome, Minimum, Maximum, Reason Discarded
A -> G, 1, 1764021, 1764021, SNP in common
A -> G, 1, 1767042, 1767042, SNP in common
T -> C, 1, 1762188, 1762188, SNP in common
A -> T, 1, 1691390, 1691390, SNP in common
G -> C, 1, 1691363, 1691363, SNP in common
A -> G, 1, 1764025, 1764025, SNP in common
C -> T, 1, 1842355, 1842355, SNP in common
T -> C, 1, 113883, 113883, SNP in common
C -> T, 1, 1842323, 1842323, SNP in common
T -> G, 1, 1842326, 1842326, SNP in common
C -> T, 1, 2871378, 2871378, SNP in common
T -> C, 1, 1784033, 1784033, SNP in common
A -> G, 1, 2283050, 2283050, SNP in common
A -> T, 1, 1842427, 1842427, SNP in common
T -> C, 1, 1788868, 1788868, SNP in common
G -> T, 1, 1842388, 1842388, SNP in common
A -> G, 1, 1767046, 1767046, SNP in common
G -> C, 1, 2106011, 2106011, SNP in common
C -> T, 1, 1629254, 1629254, SNP in common
A -> G, 1, 1842384, 1842384, SNP in common
G -> T, 1, 1842485, 1842485, SNP in common
T -> C, 1, 1788864, 1788864, SNP in common
T -> A, 1, 113855, 113855, SNP in common
C -> T, 1, 1478081, 1478081, SNP in common
T -> C, 1, 1783348, 1783348, SNP in common
A -> C, 1, 115511, 115511, SNP in common
C -> T, 1, 1691852, 1691852, SNP in common
T -> C, 1, 1780320, 1780320, SNP in common
T -> A, 1, 129018, 129018, SNP in common
T -> G, 1, 1689642, 1689642, SNP in common
G -> A, 1, 1692042, 1692042, SNP in common
G -> A, 1, 1769370, 1769370, SNP in common
C -> T, 1, 1691253, 1691253, SNP in common
G -> A, 1, 1692020, 1692020, SNP in common
A -> G, 1, 1762827, 1762827, SNP in common
G -> A, 1, 1761784, 1761784, SNP in common
G -> T, 1, 1691265, 1691265, SNP in common
A -> T, 1, 1786550, 1786550, SNP in common
T -> A, 1, 1786558, 1786558, SNP in common
C -> A, 1, 1786564, 1786564, below 80%
C -> T, 1, 1786551, 1786551, below 80%
G -> C, 1, 1762802, 1762802, below 80%
T -> A, 1, 1780512, 1780512, below 80%
A -> T, 1, 1780504, 1780504, below 80%
T -> C, 1, 1788755, 1788755, below 80%
C -> T, 1, 1780505, 1780505, below 80%
C -> T, 1, 1629296, 1629296, below 80%
T -> C, 1, 1629289, 1629289, below 80%
A -> C, 1, 1629285, 1629285, below 80%
T -> C, 1, 1629286, 1629286, below 80%
T -> A, 1, 1629299, 1629299, below 80%
G -> C, 1, 1759501, 1759501, below 80%
A -> G, 1, 1759492, 1759492, below 80%
A -> G, 1, 128502, 128502, below 80%
T -> C, 1, 1629343, 1629343, below 80%
C -> T, 1, 1629350, 1629350, below 80%
A -> C, 1, 1629339, 1629339, below 80%
T -> C, 1, 1629340, 1629340, below 80%
A -> T, 1, 1789572, 1789572, below 80%
G -> A, 1, 1770289, 1770289, below 80%
T -> A, 1, 1771562, 1771562, below 80%
C -> T, 1, 1789573, 1789573, below 80%
T -> A, 1, 1789580, 1789580, below 80%
G -> A, 1, 2286999, 2286999, below 80%
C -> A, 1, 1789586, 1789586, below 80%
C -> T, 1, 2282520, 2282520, below 80%
A -> T, 1, 1778285, 1778285, below 80%
A -> C, 1, 1629393, 1629393, below 80%
T -> C, 1, 1629394, 1629394, below 80%
A -> G, 1, 1786685, 1786685, below 80%
A -> G, 1, 123436, 123436, below 80%
T -> C, 1, 1770891, 1770891, below 80%
G -> A, 1, 1770887, 1770887, below 80%
G -> A, 1, 1770895, 1770895, below 80%
G -> A, 1, 1778266, 1778266, below 80%
T -> A, 1, 1629245, 1629245, below 80%
T -> C, 1, 1629397, 1629397, below 80%
A -> T, 1, 63149, 63149, below 80%
A -> T, 1, 1770867, 1770867, below 80%
A -> T, 1, 123451, 123451, below 80%
A -> G, 1, 125158, 125158, below 80%
A -> G, 1, 1783667, 1783667, below 80%
A -> G, 1, 127148, 127148, below 80%
G -> A, 1, 129354, 129354, below 80%
A -> T, 1, 127163, 127163, below 80%
T -> C, 1, 1766203, 1766203, below 80%
G -> A, 1, 125961, 125961, below 80%
G -> A, 1, 1758188, 1758188, below 80%
A -> G, 1, 113759, 113759, below 80%
A -> G, 1, 1762339, 1762339, below 80%
C -> T, 1, 1629242, 1629242, below 80%
T -> A, 1, 123475, 123475, below 80%
C -> T, 1, 3133560, 3133560, below 80%
T -> G, 1, 123496, 123496, below 80%
G -> A, 1, 123500, 123500, below 80%
C -> T, 1, 1629404, 1629404, below 80%
C -> T, 1, 123482, 123482, below 80%
A -> G, 1, 1771393, 1771393, below 80%
A -> G, 1, 1770970, 1770970, below 80%
A -> C, 1, 1787094, 1787094, below 80%
A -> C, 1, 127190, 127190, below 80%
T -> G, 1, 1768815, 1768815, below 80%
T -> G, 2, 396729, 396729, SNP in common
G -> A, 2, 537596, 537596, SNP in common
T -> C, 2, 1539498, 1539498, SNP in common
A -> C, 2, 43826, 43826, SNP in common
T -> A, 2, 1557819, 1557819, SNP in common
G -> T, 2, 1558124, 1558124, SNP in common
C -> G, 2, 1566681, 1566681, SNP in common
T -> A, 2, 24589, 24589, SNP in common
G -> C, 2, 1558135, 1558135, SNP in common
A -> G, 2, 1568019, 1568019, SNP in common
G -> C, 2, 1358693, 1358693, SNP in common
A -> G, 2, 1566942, 1566942, SNP in common
C -> T, 2, 43862, 43862, SNP in common
A -> G, 2, 829243, 829243, SNP in common
T -> G, 2, 1566535, 1566535, SNP in common
A -> C, 2, 1566536, 1566536, SNP in common
A -> C, 2, 1566537, 1566537, SNP in common
A -> G, 2, 1587081, 1587081, SNP in common
G -> A, 2, 1566549, 1566549, SNP in common
G -> A, 2, 1556938, 1556938, below 80%
A -> T, 2, 1571851, 1571851, below 80%
C -> T, 2, 43760, 43760, below 80%
A -> T, 2, 1566621, 1566621, below 80%
C -> T, 2, 1566620, 1566620, below 80%
G -> C, 2, 1556927, 1556927, below 80%
A -> C, 2, 1571872, 1571872, below 80%
T -> C, 2, 1556921, 1556921, below 80%
G -> C, 2, 1556920, 1556920, below 80%
T -> C, 2, 1556911, 1556911, below 80%
T -> C, 2, 43569, 43569, below 80%
C -> G, 2, 43584, 43584, below 80%
T -> C, 2, 43581, 43581, below 80%
A -> T, 2, 28146, 28146, below 80%
T -> C, 2, 28144, 28144, below 80%
C -> T, 2, 28148, 28148, below 80%
C -> T, 2, 28155, 28155, below 80%
G -> A, 2, 28162, 28162, below 80%
C -> T, 2, 1556899, 1556899, below 80%
A -> G, 2, 28153, 28153, below 80%
A -> C, 2, 28168, 28168, below 80%
T -> G, 2, 34, 34, below 80%
G -> C, 2, 33, 33, below 80%
C -> T, 2, 1576972, 1576972, below 80%
T -> G, 2, 28175, 28175, below 80%
T -> C, 2, 1564879, 1564879, below 80%
A -> T, 2, 1564674, 1564674, below 80%
T -> C, 2, 30, 30, below 80%
A -> T, 2, 28184, 28184, below 80%
A -> T, 2, 1564962, 1564962, below 80%
G -> A, 2, 1580215, 1580215, below 80%
T -> C, 2, 28178, 28178, below 80%
G -> T, 2, 28177, 28177, below 80%
T -> G, 2, 1580217, 1580217, below 80%
T -> A, 2, 28179, 28179, below 80%
C -> T, 2, 1576169, 1576169, below 80%
G -> C, 2, 1576899, 1576899, below 80%
T -> C, 2, 1568503, 1568503, below 80%
C -> T, 2, 1568517, 1568517, below 80%
T -> C, 2, 1571880, 1571880, below 80%
A -> G, 2, 1568518, 1568518, below 80%
G -> C, 2, 1568496, 1568496, below 80%
C -> T, 2, 1568513, 1568513, below 80%
G -> T, 2, 36, 36, below 80%
G -> C, 2, 29318, 29318, below 80%
C -> T, 2, 1576991, 1576991, below 80%
A -> C, 2, 1564749, 1564749, below 80%
A -> G, 2, 1568485, 1568485, below 80%
C -> T, 2, 1568487, 1568487, below 80%
G -> C, 2, 1568492, 1568492, below 80%
G -> A, 2, 26206, 26206, below 80%
G -> A, 2, 1568494, 1568494, below 80%
A -> T, 2, 29311, 29311, below 80%
C -> T, 2, 39, 39, below 80%
T -> C, 2, 26208, 26208, below 80%
A -> G, 2, 1580330, 1580330, below 80%
T -> A, 2, 29314, 29314, below 80%
G -> C, 2, 29312, 29312, below 80%
A -> T, 2, 1587141, 1587141, below 80%
T -> C, 2, 1568478, 1568478, below 80%
T -> C, 2, 1568474, 1568474, below 80%
A -> T, 2, 26204, 26204, below 80%
T -> G, 2, 20184, 20184, below 80%
T -> C, 2, 29310, 29310, below 80%
G -> C, 3, 1348208, 1348208, SNP in common
G -> A, 3, 1348209, 1348209, SNP in common
A -> T, 3, 197618, 197618, SNP in common
T -> C, 3, 795543, 795543, SNP in common
A -> T, 3, 1302503, 1302503, SNP in common
C -> T, 3, 657610, 657610, SNP in common
A -> C, 3, 657618, 657618, SNP in common
A -> G, 3, 1302647, 1302647, SNP in common
T -> C, 3, 657621, 657621, SNP in common
G -> T, 3, 657633, 657633, SNP in common
G -> A, 3, 657636, 657636, SNP in common
C -> T, 3, 1271484, 1271484, SNP in common
C -> T, 3, 1271511, 1271511, below 80%
C -> T, 3, 1300018, 1300018, below 80%
C -> T, 3, 1296724, 1296724, below 80%
A -> G, 3, 1282253, 1282253, below 80%
A -> T, 3, 1293866, 1293866, below 80%
A -> C, 3, 1279996, 1279996, below 80%
G -> C, 3, 1271100, 1271100, below 80%
A -> C, 3, 1303445, 1303445, below 80%
A -> T, 3, 1294989, 1294989, below 80%
C -> T, 3, 1297216, 1297216, below 80%
A -> C, 3, 1300552, 1300552, below 80%
A -> T, 3, 1281094, 1281094, below 80%
A -> T, 3, 1285624, 1285624, below 80%
T -> C, 3, 1302661, 1302661, below 80%
A -> C, 3, 1282326, 1282326, below 80%
A -> T, 3, 1302715, 1302715, below 80%
C -> T, 3, 1272239, 1272239, below 80%
T -> A, 3, 1281449, 1281449, below 80%
T -> A, 3, 1281438, 1281438, below 80%
C -> T, 3, 1296798, 1296798, below 80%
A -> C, 3, 1305023, 1305023, below 80%
G -> A, 3, 660874, 660874, below 80%
A -> T, 3, 1277274, 1277274, below 80%
C -> T, 3, 1301043, 1301043, below 80%
A -> G, 3, 1298029, 1298029, below 80%
C -> A, 3, 1294914, 1294914, below 80%
A -> G, 3, 1285154, 1285154, below 80%
C -> T, 3, 1300092, 1300092, below 80%
C -> T, 3, 1285238, 1285238, below 80%
C -> T, 3, 1297062, 1297062, below 80%
A -> T, 3, 1297113, 1297113, below 80%
C -> T, 3, 1265888, 1265888, below 80%
G -> C, 3, 1266012, 1266012, below 80%
C -> T, 3, 1279961, 1279961, below 80%
A -> C, 3, 1264875, 1264875, below 80%
A -> G, 3, 1301054, 1301054, below 80%
T -> A, 3, 1301061, 1301061, below 80%
G -> C, 3, 1284765, 1284765, below 80%
C -> T, 3, 1281806, 1281806, below 80%
C -> T, 3, 1285160, 1285160, below 80%
C -> A, 3, 1295002, 1295002, below 80%
G -> C, 3, 1297156, 1297156, below 80%
G -> A, 3, 662587, 662587, below 80%
T -> A, 3, 1281460, 1281460, below 80%
C -> T, 3, 1285193, 1285193, below 80%
A -> C, 3, 1300191, 1300191, below 80%
C -> A, 3, 1304667, 1304667, below 80%
A -> T, 3, 1265348, 1265348, below 80%
C -> A, 3, 1303457, 1303457, below 80%
C -> T, 3, 1285640, 1285640, below 80%
C -> T, 3, 1304630, 1304630, below 80%
C -> A, 3, 1294991, 1294991, below 80%
C -> T, 3, 1303449, 1303449, below 80%
C -> T, 3, 1302796, 1302796, below 80%
G -> C, 3, 1283364, 1283364, below 80%
T -> A, 3, 1265660, 1265660, below 80%
C -> T, 3, 1276502, 1276502, below 80%
A -> T, 3, 1294304, 1294304, below 80%
A -> C, 3, 1285141, 1285141, below 80%
A -> T, 3, 1305003, 1305003, below 80%
A -> T, 3, 1298283, 1298283, below 80%
C -> T, 3, 1294628, 1294628, below 80%
A -> C, 3, 1269302, 1269302, below 80%
A -> C, 3, 1299965, 1299965, below 80%
C -> T, 3, 1269943, 1269943, below 80%
T -> A, 3, 1270983, 1270983, below 80%
T -> C, 3, 1282176, 1282176, below 80%
C -> T, 3, 1296818, 1296818, below 80%
A -> C, 3, 1296897, 1296897, below 80%
A -> C, 3, 1264920, 1264920, below 80%
T -> C, 3, 1282334, 1282334, below 80%
C -> T, 3, 1303167, 1303167, below 80%
C -> T, 3, 1282784, 1282784, below 80%
C -> T, 3, 1273449, 1273449, below 80%
T -> A, 3, 1296708, 1296708, below 80%
A -> C, 3, 1273441, 1273441, below 80%
C -> T, 3, 1277323, 1277323, below 80%
G -> A, 3, 1265831, 1265831, below 80%
A -> T, 3, 1297299, 1297299, below 80%
A -> C, 3, 1305758, 1305758, below 80%
C -> G, 3, 9254, 9254, below 80%
C -> T, 3, 1271362, 1271362, below 80%
G -> T, 3, 1301660, 1301660, below 80%
A -> C, 3, 1282921, 1282921, below 80%
C -> T, 3, 1297140, 1297140, below 80%
A -> C, 3, 1271121, 1271121, below 80%
T -> G, 3, 1303456, 1303456, below 80%
C -> T, 3, 1304641, 1304641, below 80%
A -> C, 3, 1297366, 1297366, below 80%
C -> T, 3, 1300112, 1300112, below 80%
C -> A, 3, 1298296, 1298296, below 80%
C -> T, 3, 1271342, 1271342, below 80%
T -> A, 3, 1283398, 1283398, below 80%
C -> T, 3, 9244, 9244, below 80%
T -> G, 3, 1271256, 1271256, below 80%
C -> T, 3, 1303486, 1303486, below 80%
C -> T, 3, 1302597, 1302597, below 80%
C -> G, 3, 1281425, 1281425, below 80%
C -> T, 3, 1282200, 1282200, below 80%
C -> A, 3, 1264831, 1264831, below 80%
A -> C, 3, 1269347, 1269347, below 80%
C -> T, 3, 1272026, 1272026, below 80%
T -> C, 3, 1269375, 1269375, below 80%
C -> T, 3, 1269286, 1269286, below 80%
C -> G, 3, 1293907, 1293907, below 80%
T -> A, 3, 1305000, 1305000, below 80%
C -> T, 3, 1280674, 1280674, below 80%
T -> A, 3, 1300002, 1300002, below 80%
A -> C, 3, 1278134, 1278134, below 80%
A -> T, 3, 1272202, 1272202, below 80%
T -> A, 3, 1284922, 1284922, below 80%
C -> A, 3, 1270117, 1270117, below 80%
A -> T, 3, 1277362, 1277362, below 80%
T -> C, 3, 1297260, 1297260, below 80%
C -> T, 3, 1273603, 1273603, below 80%
C -> T, 3, 1279980, 1279980, below 80%
A -> C, 3, 1297054, 1297054, below 80%
T -> A, 3, 1285133, 1285133, below 80%
C -> T, 3, 1303230, 1303230, below 80%
A -> G, 3, 1270563, 1270563, below 80%
C -> T, 3, 1275782, 1275782, below 80%
G -> T, 3, 1264863, 1264863, below 80%
A -> T, 3, 1270650, 1270650, below 80%
G -> A, 3, 9232, 9232, below 80%
A -> C, 3, 1278792, 1278792, below 80%
T -> C, 3, 1305359, 1305359, below 80%
C -> T, 3, 1302441, 1302441, below 80%
T -> A, 3, 1272247, 1272247, below 80%
T -> A, 3, 1266169, 1266169, below 80%
C -> T, 3, 1283303, 1283303, below 80%
T -> A, 3, 1296690, 1296690, below 80%
A -> T, 3, 1302536, 1302536, below 80%
A -> C, 3, 1274176, 1274176, below 80%
A -> T, 3, 1294326, 1294326, below 80%
T -> C, 3, 1272830, 1272830, below 80%
C -> A, 3, 1266478, 1266478, below 80%
A -> T, 3, 1278115, 1278115, below 80%
C -> T, 3, 1270215, 1270215, below 80%
C -> A, 3, 1279782, 1279782, below 80%
C -> T, 3, 1264794, 1264794, below 80%
T -> C, 3, 1280078, 1280078, below 80%
C -> T, 3, 1282587, 1282587, below 80%
C -> A, 3, 1264786, 1264786, below 80%
C -> T, 3, 1267141, 1267141, below 80%
C -> T, 3, 1270621, 1270621, below 80%
C -> T, 3, 1294506, 1294506, below 80%
C -> T, 3, 1300560, 1300560, below 80%
A -> C, 3, 1271030, 1271030, below 80%
T -> A, 3, 1278112, 1278112, below 80%
C -> T, 3, 1277299, 1277299, below 80%
C -> T, 3, 1305425, 1305425, below 80%
C -> T, 3, 1266452, 1266452, below 80%
G -> C, 3, 1270231, 1270231, below 80%
T -> C, 3, 1271477, 1271477, below 80%
C -> T, 3, 1280602, 1280602, below 80%
A -> T, 3, 1298200, 1298200, below 80%
T -> C, 3, 1297196, 1297196, below 80%
C -> A, 3, 1298285, 1298285, below 80%
C -> A, 3, 1302634, 1302634, below 80%
C -> T, 3, 1305491, 1305491, below 80%
A -> T, 3, 1280613, 1280613, below 80%
C -> T, 3, 1303123, 1303123, below 80%
C -> T, 3, 1265899, 1265899, below 80%
A -> T, 3, 1300488, 1300488, below 80%
C -> T, 3, 1279837, 1279837, below 80%
C -> A, 3, 1270023, 1270023, below 80%
C -> T, 3, 1283504, 1283504, below 80%
C -> T, 3, 1271149, 1271149, below 80%
T -> C, 3, 1279887, 1279887, below 80%
T -> A, 3, 1299984, 1299984, below 80%
C -> T, 3, 1271522, 1271522, below 80%
C -> A, 3, 1294522, 1294522, below 80%
T -> C, 3, 1305123, 1305123, below 80%
G -> C, 3, 1274175, 1274175, below 80%
A -> T, 3, 1304703, 1304703, below 80%
C -> A, 3, 1282776, 1282776, below 80%
A -> T, 3, 1300228, 1300228, below 80%
A -> T, 3, 1271012, 1271012, below 80%
C -> T, 3, 1270051, 1270051, below 80%
A -> T, 3, 1273553, 1273553, below 80%
T -> A, 3, 1274172, 1274172, below 80%
A -> C, 3, 1302769, 1302769, below 80%
T -> C, 3, 1278829, 1278829, below 80%
C -> T, 3, 1305248, 1305248, below 80%
T -> C, 3, 1294985, 1294985, below 80%
C -> A, 3, 1294644, 1294644, below 80%
T -> A, 3, 1271450, 1271450, below 80%
T -> C, 3, 1265339, 1265339, below 80%
A -> T, 3, 1305795, 1305795, below 80%
T -> A, 3, 1298155, 1298155, below 80%
A -> T, 3, 1298195, 1298195, below 80%
C -> A, 3, 1276475, 1276475, below 80%
C -> A, 3, 1271413, 1271413, below 80%
A -> G, 3, 1276329, 1276329, below 80%
T -> C, 3, 1281054, 1281054, below 80%
C -> T, 3, 1267766, 1267766, below 80%
C -> A, 3, 1293874, 1293874, below 80%
T -> A, 3, 1267304, 1267304, below 80%
A -> T, 3, 1273541, 1273541, below 80%
G -> T, 3, 1294845, 1294845, below 80%
T -> A, 3, 1267181, 1267181, below 80%
C -> T, 3, 1269680, 1269680, below 80%
A -> T, 3, 1285121, 1285121, below 80%
A -> T, 3, 1298042, 1298042, below 80%
A -> C, 3, 1279036, 1279036, below 80%
A -> C, 3, 1279909, 1279909, below 80%
C -> A, 3, 1274173, 1274173, below 80%
C -> T, 3, 1283411, 1283411, below 80%
T -> C, 3, 1272272, 1272272, below 80%
T -> C, 3, 1282759, 1282759, below 80%
A -> C, 3, 1297177, 1297177, below 80%
C -> T, 3, 1283258, 1283258, below 80%
C -> T, 3, 1303506, 1303506, below 80%
C -> T, 3, 1272160, 1272160, below 80%
A -> C, 3, 1297773, 1297773, below 80%
C -> T, 3, 1283195, 1283195, below 80%
A -> C, 3, 1293795, 1293795, below 80%
C -> T, 3, 1305836, 1305836, below 80%
T -> A, 3, 1273534, 1273534, below 80%
T -> A, 3, 1283915, 1283915, below 80%
G -> C, 3, 1285299, 1285299, below 80%
A -> T, 3, 1274350, 1274350, below 80%
T -> A, 3, 1302804, 1302804, below 80%
C -> T, 3, 477255, 477255, below 80%
C -> T, 3, 1281735, 1281735, below 80%
T -> A, 3, 1271068, 1271068, below 80%
T -> A, 3, 1269426, 1269426, below 80%
C -> T, 3, 1293713, 1293713, below 80%
A -> G, 3, 1275561, 1275561, below 80%
C -> A, 3, 1303159, 1303159, below 80%
T -> C, 3, 1279726, 1279726, below 80%
A -> C, 3, 1278748, 1278748, below 80%
C -> T, 3, 1270092, 1270092, below 80%
T -> A, 3, 1305088, 1305088, below 80%
C -> A, 3, 1305096, 1305096, below 80%
T -> C, 3, 1298191, 1298191, below 80%
C -> T, 3, 1283206, 1283206, below 80%
C -> T, 3, 1306128, 1306128, below 80%
A -> T, 3, 1274170, 1274170, below 80%
G -> T, 3, 1276091, 1276091, below 80%
C -> A, 3, 1301496, 1301496, below 80%
T -> G, 3, 1265646, 1265646, below 80%
A -> T, 3, 1281790, 1281790, below 80%
C -> T, 3, 1303143, 1303143, below 80%
T -> A, 3, 1305475, 1305475, below 80%
C -> T, 3, 1283752, 1283752, below 80%
A -> C, 3, 1299920, 1299920, below 80%
C -> T, 3, 1301336, 1301336, below 80%
A -> C, 3, 1264686, 1264686, below 80%
G -> C, 3, 1277590, 1277590, below 80%
C -> A, 3, 1293598, 1293598, below 80%
C -> T, 3, 1269611, 1269611, below 80%
A -> T, 3, 1274808, 1274808, below 80%
C -> T, 3, 1295010, 1295010, below 80%
C -> T, 3, 1298171, 1298171, below 80%
T -> C, 3, 1294879, 1294879, below 80%
A -> T, 3, 1296793, 1296793, below 80%
C -> T, 3, 1269457, 1269457, below 80%
A -> T, 3, 1272325, 1272325, below 80%
C -> T, 3, 1281233, 1281233, below 80%
T -> A, 3, 1297358, 1297358, below 80%
T -> C, 3, 1270007, 1270007, below 80%
T -> C, 3, 1298279, 1298279, below 80%
T -> C, 3, 1301469, 1301469, below 80%
T -> C, 3, 1304650, 1304650, below 80%
A -> C, 3, 1306120, 1306120, below 80%
A -> G, 3, 1275838, 1275838, below 80%
C -> T, 3, 1306082, 1306082, below 80%
T -> A, 3, 1269972, 1269972, below 80%
T -> A, 3, 1280093, 1280093, below 80%
A -> T, 3, 1293720, 1293720, below 80%
C -> T, 3, 1301168, 1301168, below 80%
A -> C, 3, 282952, 282952, below 80%
A -> C, 3, 1277315, 1277315, below 80%
T -> C, 3, 1294575, 1294575, below 80%
T -> A, 3, 1298039, 1298039, below 80%
C -> T, 3, 1305182, 1305182, below 80%
T -> A, 3, 1285118, 1285118, below 80%
T -> C, 3, 1277885, 1277885, below 80%
C -> A, 3, 1301059, 1301059, below 80%
G -> T, 4, 603896, 603896, SNP in common
C -> T, 4, 51255, 51255, SNP in common
A -> G, 4, 1046247, 1046247, SNP in common
G -> A, 4, 1007561, 1007561, SNP in common
A -> G, 4, 90450, 90450, below 80%
C -> A, 4, 442214, 442214, below 80%
G -> C, 4, 1043277, 1043277, below 80%
A -> G, 4, 90483, 90483, below 80%
C -> T, 4, 90580, 90580, below 80%
T -> G, 4, 1040837, 1040837, below 80%
C -> T, 4, 1043350, 1043350, below 80%
A -> G, 4, 1041221, 1041221, below 80%
T -> C, 4, 106675, 106675, below 80%
C -> G, 4, 106678, 106678, below 80%
T -> C, 4, 106663, 106663, below 80%
A -> C, 4, 1041208, 1041208, below 80%
C -> T, 4, 1042670, 1042670, below 80%
C -> T, 4, 106854, 106854, below 80%
T -> C, 4, 442002, 442002, below 80%
T -> C, 4, 58177, 58177, below 80%
C -> G, 4, 58180, 58180, below 80%
C -> T, 4, 1042688, 1042688, below 80%
A -> C, 5, 346293, 346293, SNP in common
C -> G, 5, 346296, 346296, SNP in common
G -> A, 5, 346299, 346299, SNP in common
A -> G, 5, 346292, 346292, SNP in common
C -> T, 5, 339964, 339964, SNP in common
A -> G, 5, 344488, 344488, SNP in common
A -> C, 5, 344489, 344489, SNP in common
C -> G, 5, 344492, 344492, SNP in common
G -> A, 5, 344495, 344495, SNP in common
G -> T, 5, 349452, 349452, SNP in common
C -> T, 5, 339945, 339945, SNP in common
T -> G, 5, 339921, 339921, SNP in common
C -> T, 5, 342508, 342508, SNP in common
A -> G, 5, 339927, 339927, SNP in common
C -> T, 5, 338526, 338526, SNP in common
C -> T, 5, 70462, 70462, SNP in common
C -> T, 5, 70450, 70450, SNP in common
T -> C, 5, 70312, 70312, SNP in common
C -> T, 5, 70315, 70315, below 80%
C -> T, 5, 70334, 70334, below 80%
C -> T, 5, 70369, 70369, below 80%
A -> G, 5, 335476, 335476, below 80%
G -> A, 5, 335423, 335423, below 80%
A -> G, 5, 335427, 335427, below 80%
A -> G, 5, 335402, 335402, below 80%
A -> G, 5, 335456, 335456, below 80%
A -> G, 5, 335459, 335459, below 80%
T -> G, 5, 335460, 335460, below 80%
A -> T, 5, 42647, 42647, below 80%
T -> G, 5, 42639, 42639, below 80%
A -> G, 5, 342233, 342233, below 80%
A -> G, 5, 342232, 342232, below 80%
T -> A, 5, 50198, 50198, below 80%
C -> A, 5, 342338, 342338, below 80%
G -> A, 5, 50285, 50285, below 80%
G -> A, 5, 32864, 32864, below 80%