Change, Chromosome, Minimum, Maximum, Reason Discarded
C -> T, 1, 1629118, 1629118, SNP in common
A -> T, 1, 1691390, 1691390, SNP in common
A -> G, 1, 1764025, 1764025, SNP in common
G -> T, 1, 1767129, 1767129, SNP in common
A -> G, 1, 2282973, 2282973, SNP in common
T -> C, 1, 2286546, 2286546, SNP in common
C -> A, 1, 117631, 117631, SNP in common
A -> G, 1, 1767042, 1767042, SNP in common
A -> G, 1, 1767046, 1767046, SNP in common
G -> T, 1, 1842485, 1842485, SNP in common
T -> C, 1, 2286469, 2286469, SNP in common
T -> C, 1, 1780320, 1780320, SNP in common
T -> C, 1, 1788868, 1788868, SNP in common
T -> C, 1, 113883, 113883, SNP in common
T -> C, 1, 1784033, 1784033, SNP in common
C -> T, 1, 1842355, 1842355, SNP in common
A -> C, 1, 115511, 115511, SNP in common
A -> G, 1, 2283050, 2283050, SNP in common
G -> T, 1, 1691265, 1691265, SNP in common
C -> T, 1, 1842323, 1842323, SNP in common
A -> G, 1, 1764021, 1764021, SNP in common
G -> C, 1, 1691363, 1691363, SNP in common
A -> G, 1, 1762827, 1762827, SNP in common
T -> C, 1, 1762188, 1762188, SNP in common
C -> T, 1, 1764093, 1764093, SNP in common
G -> C, 1, 2106011, 2106011, SNP in common
C -> T, 1, 1691852, 1691852, SNP in common
T -> C, 1, 1788864, 1788864, SNP in common
G -> A, 1, 1769370, 1769370, SNP in common
T -> G, 1, 1842326, 1842326, SNP in common
C -> T, 1, 1691253, 1691253, SNP in common
A -> T, 1, 1842427, 1842427, SNP in common
G -> C, 1, 1762802, 1762802, SNP in common
G -> T, 1, 1842388, 1842388, SNP in common
G -> A, 1, 1692042, 1692042, SNP in common
T -> A, 1, 113855, 113855, SNP in common
T -> G, 1, 1689642, 1689642, SNP in common
T -> A, 1, 129018, 129018, SNP in common
A -> G, 1, 1842384, 1842384, SNP in common
C -> T, 1, 2871378, 2871378, SNP in common
G -> A, 1, 1692020, 1692020, SNP in common
T -> A, 1, 1786558, 1786558, SNP in common
C -> T, 1, 1786551, 1786551, SNP in common
A -> T, 1, 1786550, 1786550, SNP in common
C -> A, 1, 1786564, 1786564, SNP in common
T -> A, 1, 1783540, 1783540, SNP in common
C -> A, 1, 1783546, 1783546, SNP in common
T -> C, 1, 1672163, 1672163, SNP in common
A -> T, 1, 1783532, 1783532, SNP in common
C -> T, 1, 1783533, 1783533, SNP in common
T -> A, 1, 1629299, 1629299, SNP in common
C -> T, 1, 1629296, 1629296, SNP in common
C -> T, 1, 1629254, 1629254, SNP in common
A -> C, 1, 1629339, 1629339, SNP in common
T -> C, 1, 1629340, 1629340, SNP in common
T -> C, 1, 1629343, 1629343, SNP in common
T -> A, 1, 1780512, 1780512, below 80%
C -> A, 1, 1780518, 1780518, below 80%
G -> A, 1, 1629196, 1629196, below 80%
T -> C, 1, 1629286, 1629286, below 80%
A -> C, 1, 1629285, 1629285, below 80%
C -> T, 1, 1629350, 1629350, below 80%
T -> C, 1, 1629289, 1629289, below 80%
C -> T, 1, 1780505, 1780505, below 80%
A -> T, 1, 1780504, 1780504, below 80%
G -> C, 1, 1759501, 1759501, below 80%
A -> G, 1, 1759492, 1759492, below 80%
T -> A, 1, 1771562, 1771562, below 80%
C -> T, 1, 2282520, 2282520, below 80%
A -> G, 1, 128502, 128502, below 80%
A -> C, 1, 1629393, 1629393, below 80%
T -> C, 1, 1629394, 1629394, below 80%
T -> C, 1, 1629397, 1629397, below 80%
A -> G, 1, 1780639, 1780639, below 80%
A -> T, 1, 1789572, 1789572, below 80%
C -> T, 1, 1789573, 1789573, below 80%
T -> A, 1, 1789580, 1789580, below 80%
A -> T, 1, 1770867, 1770867, below 80%
C -> A, 1, 1789586, 1789586, below 80%
T -> C, 1, 1766203, 1766203, below 80%
T -> C, 1, 1770891, 1770891, below 80%
G -> A, 1, 1770887, 1770887, below 80%
G -> A, 1, 2282847, 2282847, below 80%
A -> T, 1, 1778285, 1778285, below 80%
G -> A, 1, 1778266, 1778266, below 80%
G -> A, 1, 1770289, 1770289, below 80%
G -> A, 1, 1770895, 1770895, below 80%
C -> T, 1, 1629404, 1629404, below 80%
A -> T, 1, 123451, 123451, below 80%
A -> G, 1, 127148, 127148, below 80%
A -> T, 1, 127163, 127163, below 80%
A -> G, 1, 123436, 123436, below 80%
A -> G, 1, 1786685, 1786685, below 80%
T -> A, 1, 130580, 130580, below 80%
T -> A, 1, 123475, 123475, below 80%
G -> A, 1, 123500, 123500, below 80%
G -> A, 1, 130605, 130605, below 80%
T -> G, 1, 127208, 127208, below 80%
C -> T, 1, 2286672, 2286672, below 80%
G -> A, 1, 127212, 127212, below 80%
C -> T, 1, 130587, 130587, below 80%
T -> G, 1, 130601, 130601, below 80%
A -> G, 1, 1783667, 1783667, below 80%
A -> G, 1, 125158, 125158, below 80%
C -> T, 1, 123482, 123482, below 80%
T -> G, 1, 123496, 123496, below 80%
T -> A, 1, 127187, 127187, below 80%
G -> A, 1, 129354, 129354, below 80%
C -> T, 1, 127194, 127194, below 80%
G -> A, 1, 2286999, 2286999, below 80%
G -> A, 1, 122285, 122285, below 80%
A -> G, 1, 130541, 130541, below 80%
A -> T, 1, 130556, 130556, below 80%
G -> A, 1, 125961, 125961, below 80%
C -> T, 1, 3133560, 3133560, below 80%
A -> G, 1, 1770970, 1770970, below 80%
A -> G, 1, 1768381, 1768381, below 80%
C -> T, 1, 1791066, 1791066, below 80%
A -> G, 1, 44031, 44031, below 80%
A -> G, 1, 113759, 113759, below 80%
A -> G, 1, 1765360, 1765360, below 80%
A -> C, 2, 43826, 43826, SNP in common
T -> C, 2, 1539498, 1539498, SNP in common
G -> C, 2, 1558680, 1558680, SNP in common
C -> T, 2, 1564085, 1564085, SNP in common
T -> C, 2, 1564095, 1564095, SNP in common
C -> G, 2, 1566681, 1566681, SNP in common
G -> C, 2, 1558135, 1558135, SNP in common
A -> C, 2, 1564094, 1564094, SNP in common
C -> A, 2, 1566809, 1566809, SNP in common
T -> C, 2, 1564058, 1564058, SNP in common
C -> A, 2, 1564067, 1564067, SNP in common
C -> T, 2, 43862, 43862, SNP in common
G -> C, 2, 1358693, 1358693, SNP in common
A -> G, 2, 1564060, 1564060, SNP in common
G -> A, 2, 537596, 537596, SNP in common
G -> T, 2, 1558124, 1558124, SNP in common
A -> G, 2, 1566942, 1566942, SNP in common
A -> T, 2, 1558067, 1558067, SNP in common
T -> A, 2, 1557819, 1557819, SNP in common
A -> G, 2, 829243, 829243, SNP in common
T -> G, 2, 1566535, 1566535, SNP in common
G -> A, 2, 1558657, 1558657, SNP in common
G -> A, 2, 1556938, 1556938, SNP in common
G -> C, 2, 1558653, 1558653, SNP in common
A -> C, 2, 1566536, 1566536, SNP in common
A -> C, 2, 1566537, 1566537, SNP in common
G -> A, 2, 1566549, 1566549, below 80%
A -> G, 2, 1558630, 1558630, below 80%
A -> T, 2, 1566621, 1566621, below 80%
C -> T, 2, 1566620, 1566620, below 80%
A -> C, 2, 1571872, 1571872, below 80%
A -> G, 2, 1587081, 1587081, below 80%
C -> T, 2, 43760, 43760, below 80%
G -> C, 2, 1556927, 1556927, below 80%
T -> C, 2, 1556921, 1556921, below 80%
G -> C, 2, 1556920, 1556920, below 80%
C -> T, 2, 1576972, 1576972, below 80%
T -> C, 2, 1556911, 1556911, below 80%
T -> C, 2, 43569, 43569, below 80%
C -> G, 2, 43584, 43584, below 80%
T -> C, 2, 43581, 43581, below 80%
A -> C, 2, 13676, 13676, below 80%
C -> T, 2, 1556899, 1556899, below 80%
G -> C, 2, 1576899, 1576899, below 80%
A -> T, 2, 1564674, 1564674, below 80%
A -> T, 2, 1564962, 1564962, below 80%
A -> C, 2, 1571746, 1571746, below 80%
C -> T, 2, 1577015, 1577015, below 80%
T -> C, 2, 43642, 43642, below 80%
A -> G, 2, 1568518, 1568518, below 80%
C -> T, 2, 1568517, 1568517, below 80%
C -> T, 2, 1568513, 1568513, below 80%
C -> A, 2, 1571789, 1571789, below 80%
T -> C, 2, 28144, 28144, below 80%
A -> T, 2, 28146, 28146, below 80%
C -> T, 2, 1571856, 1571856, below 80%
C -> T, 2, 1551869, 1551869, below 80%
T -> C, 2, 1568503, 1568503, below 80%
C -> T, 2, 28148, 28148, below 80%
A -> G, 2, 1575227, 1575227, below 80%
C -> T, 2, 1576991, 1576991, below 80%
C -> T, 2, 1577035, 1577035, below 80%
G -> C, 2, 1568496, 1568496, below 80%
A -> G, 2, 28153, 28153, below 80%
C -> T, 2, 1575216, 1575216, below 80%
C -> A, 2, 1576964, 1576964, below 80%
C -> T, 2, 1568487, 1568487, below 80%
G -> A, 2, 1568494, 1568494, below 80%
C -> T, 2, 28155, 28155, below 80%
C -> A, 2, 1571917, 1571917, below 80%
G -> C, 2, 1568492, 1568492, below 80%
C -> G, 2, 1551903, 1551903, below 80%
G -> C, 2, 29318, 29318, below 80%
A -> G, 2, 1568485, 1568485, below 80%
C -> T, 2, 1575262, 1575262, below 80%
T -> C, 2, 1575251, 1575251, below 80%
T -> C, 2, 1564879, 1564879, below 80%
A -> C, 2, 1564749, 1564749, below 80%
T -> C, 2, 1571797, 1571797, below 80%
A -> C, 2, 1575188, 1575188, below 80%
G -> A, 2, 28162, 28162, below 80%
C -> G, 2, 1551923, 1551923, below 80%
T -> C, 2, 1571880, 1571880, below 80%
T -> C, 2, 1571900, 1571900, below 80%
G -> C, 2, 29312, 29312, below 80%
T -> G, 2, 1551917, 1551917, below 80%
T -> C, 2, 1568474, 1568474, below 80%
T -> A, 2, 29314, 29314, below 80%
A -> T, 2, 1587141, 1587141, below 80%
A -> C, 2, 28168, 28168, below 80%
T -> C, 2, 29310, 29310, below 80%
G -> T, 2, 13631, 13631, below 80%
A -> T, 2, 29311, 29311, below 80%
T -> C, 2, 1568478, 1568478, below 80%
T -> A, 2, 1571909, 1571909, below 80%
T -> G, 2, 19037, 19037, below 80%
A -> G, 2, 20176, 20176, below 80%
T -> C, 2, 1576927, 1576927, below 80%
T -> C, 3, 16021, 16021, SNP in common
G -> C, 3, 1348208, 1348208, SNP in common
G -> A, 3, 1348209, 1348209, SNP in common
T -> C, 3, 795543, 795543, SNP in common
C -> T, 3, 1304630, 1304630, SNP in common
A -> C, 3, 657618, 657618, SNP in common
T -> C, 3, 657621, 657621, SNP in common
G -> A, 3, 657636, 657636, SNP in common
C -> T, 3, 657610, 657610, SNP in common
G -> T, 3, 657633, 657633, SNP in common
A -> G, 3, 1302647, 1302647, below 80%
A -> T, 3, 1302715, 1302715, below 80%
A -> T, 3, 1280613, 1280613, below 80%
C -> T, 3, 1280602, 1280602, below 80%
A -> C, 3, 1279996, 1279996, below 80%
T -> A, 3, 1301061, 1301061, below 80%
A -> T, 3, 1277362, 1277362, below 80%
A -> G, 3, 1301054, 1301054, below 80%
A -> G, 3, 1298029, 1298029, below 80%
C -> T, 3, 1297216, 1297216, below 80%
C -> T, 3, 1296724, 1296724, below 80%
C -> T, 3, 1300018, 1300018, below 80%
A -> C, 3, 1296897, 1296897, below 80%
A -> C, 3, 1299965, 1299965, below 80%
A -> T, 3, 1281094, 1281094, below 80%
A -> T, 3, 1293866, 1293866, below 80%
T -> A, 3, 1281449, 1281449, below 80%
A -> C, 3, 1305758, 1305758, below 80%
A -> C, 3, 1282326, 1282326, below 80%
T -> A, 3, 1281438, 1281438, below 80%
A -> T, 3, 1277274, 1277274, below 80%
C -> T, 3, 1279961, 1279961, below 80%
C -> T, 3, 1285193, 1285193, below 80%
A -> T, 3, 1302503, 1302503, below 80%
A -> C, 3, 1300552, 1300552, below 80%
A -> C, 3, 1303445, 1303445, below 80%
C -> T, 3, 1296818, 1296818, below 80%
C -> T, 3, 1305836, 1305836, below 80%
G -> C, 3, 1285299, 1285299, below 80%
C -> A, 3, 1302634, 1302634, below 80%
G -> C, 3, 1297156, 1297156, below 80%
T -> A, 3, 1296708, 1296708, below 80%
C -> T, 3, 1272910, 1272910, below 80%
C -> T, 3, 1270621, 1270621, below 80%
A -> T, 3, 1297113, 1297113, below 80%
A -> T, 3, 1270650, 1270650, below 80%
T -> C, 3, 1302661, 1302661, below 80%
C -> T, 3, 1277323, 1277323, below 80%
T -> A, 3, 1300002, 1300002, below 80%
A -> T, 3, 1296979, 1296979, below 80%
A -> T, 3, 1265348, 1265348, below 80%
T -> C, 3, 1272830, 1272830, below 80%
C -> T, 3, 1297385, 1297385, below 80%
A -> T, 3, 1275613, 1275613, below 80%
T -> A, 3, 1281460, 1281460, below 80%
C -> T, 3, 1280674, 1280674, below 80%
A -> C, 3, 1297366, 1297366, below 80%
C -> T, 3, 1281806, 1281806, below 80%
C -> T, 3, 1300112, 1300112, below 80%
G -> A, 3, 662587, 662587, below 80%
C -> T, 3, 1297855, 1297855, below 80%
C -> T, 3, 1271271, 1271271, below 80%
C -> T, 3, 1277299, 1277299, below 80%
A -> C, 3, 1300191, 1300191, below 80%
C -> T, 3, 1303449, 1303449, below 80%
A -> G, 3, 1282253, 1282253, below 80%
A -> C, 3, 1298251, 1298251, below 80%
A -> C, 3, 1282921, 1282921, below 80%
G -> C, 3, 1284765, 1284765, below 80%
C -> G, 3, 1281425, 1281425, below 80%
A -> C, 3, 1296671, 1296671, below 80%
C -> T, 3, 1303167, 1303167, below 80%
A -> G, 3, 1270563, 1270563, below 80%
C -> T, 3, 1285238, 1285238, below 80%
C -> T, 3, 1297062, 1297062, below 80%
C -> A, 3, 1303457, 1303457, below 80%
C -> T, 3, 1279118, 1279118, below 80%
C -> T, 3, 1282200, 1282200, below 80%
A -> G, 3, 1285154, 1285154, below 80%
C -> T, 3, 1302441, 1302441, below 80%
C -> T, 3, 1279107, 1279107, below 80%
C -> T, 3, 1302597, 1302597, below 80%
T -> C, 3, 1281410, 1281410, below 80%
C -> T, 3, 1269943, 1269943, below 80%
C -> T, 3, 1285160, 1285160, below 80%
A -> C, 3, 1297892, 1297892, below 80%
C -> T, 3, 1271342, 1271342, below 80%
T -> G, 3, 1303456, 1303456, below 80%
C -> T, 3, 1283504, 1283504, below 80%
A -> T, 3, 1274350, 1274350, below 80%
A -> C, 3, 1264920, 1264920, below 80%
C -> T, 3, 1304587, 1304587, below 80%
T -> C, 3, 1282176, 1282176, below 80%
C -> T, 3, 1298171, 1298171, below 80%
C -> T, 3, 1271149, 1271149, below 80%
A -> C, 3, 1278792, 1278792, below 80%
C -> T, 3, 1293907, 1293907, below 80%
C -> T, 3, 1276502, 1276502, below 80%
G -> C, 3, 1271100, 1271100, below 80%
C -> A, 3, 1301059, 1301059, below 80%
T -> A, 3, 1285177, 1285177, below 80%
C -> T, 3, 1303123, 1303123, below 80%
T -> C, 3, 1280584, 1280584, below 80%
G -> C, 3, 1277590, 1277590, below 80%
G -> C, 3, 1297752, 1297752, below 80%
C -> T, 3, 1297140, 1297140, below 80%
T -> C, 3, 1272899, 1272899, below 80%
A -> T, 3, 1277351, 1277351, below 80%
T -> A, 3, 1297389, 1297389, below 80%
C -> T, 3, 1271362, 1271362, below 80%
C -> T, 3, 1271484, 1271484, below 80%
G -> C, 3, 1277394, 1277394, below 80%
G -> C, 3, 1265459, 1265459, below 80%
A -> C, 3, 1278134, 1278134, below 80%
C -> T, 3, 1277378, 1277378, below 80%
T -> C, 3, 1280078, 1280078, below 80%
A -> C, 3, 1297773, 1297773, below 80%
G -> A, 3, 660874, 660874, below 80%
A -> C, 3, 1271030, 1271030, below 80%
T -> C, 3, 1298235, 1298235, below 80%
C -> T, 3, 1271298, 1271298, below 80%
T -> C, 3, 1279887, 1279887, below 80%
C -> T, 3, 1303230, 1303230, below 80%
C -> T, 3, 1264794, 1264794, below 80%
A -> T, 3, 1298243, 1298243, below 80%
A -> C, 3, 1271121, 1271121, below 80%
T -> A, 3, 1299984, 1299984, below 80%
A -> C, 3, 1269302, 1269302, below 80%
G -> C, 3, 1283364, 1283364, below 80%
C -> T, 3, 1282784, 1282784, below 80%
C -> T, 3, 1298259, 1298259, below 80%
A -> C, 3, 1264875, 1264875, below 80%
T -> C, 3, 1279726, 1279726, below 80%
C -> A, 3, 1279782, 1279782, below 80%
A -> T, 3, 1297299, 1297299, below 80%
T -> C, 3, 1266967, 1266967, below 80%
C -> T, 3, 1279837, 1279837, below 80%
T -> A, 3, 1296690, 1296690, below 80%
A -> C, 3, 1277315, 1277315, below 80%
A -> T, 3, 1296793, 1296793, below 80%
C -> T, 3, 1302796, 1302796, below 80%
T -> C, 3, 1297196, 1297196, below 80%
C -> T, 3, 9244, 9244, below 80%
C -> A, 3, 1266478, 1266478, below 80%
C -> T, 3, 1279980, 1279980, below 80%
A -> T, 3, 1278115, 1278115, below 80%
A -> C, 3, 1296404, 1296404, below 80%
C -> T, 3, 1303143, 1303143, below 80%
T -> A, 3, 1278112, 1278112, below 80%
C -> T, 3, 1272026, 1272026, below 80%
A -> C, 3, 1279909, 1279909, below 80%
A -> T, 3, 1294304, 1294304, below 80%
G -> C, 3, 1274382, 1274382, below 80%
T -> A, 3, 1294389, 1294389, below 80%
A -> C, 3, 1304579, 1304579, below 80%
A -> C, 3, 1280576, 1280576, below 80%
A -> C, 3, 1302769, 1302769, below 80%
C -> T, 3, 1265622, 1265622, below 80%
C -> T, 3, 1271522, 1271522, below 80%
T -> A, 3, 1272883, 1272883, below 80%
A -> T, 3, 1285311, 1285311, below 80%
C -> T, 3, 1305182, 1305182, below 80%
C -> T, 3, 1300560, 1300560, below 80%
T -> A, 3, 1283522, 1283522, below 80%
A -> G, 3, 1275355, 1275355, below 80%
A -> T, 3, 1272068, 1272068, below 80%
C -> T, 3, 1275782, 1275782, below 80%
A -> C, 3, 1297177, 1297177, below 80%
A -> C, 3, 1272891, 1272891, below 80%
A -> T, 3, 1300488, 1300488, below 80%
C -> T, 3, 1305856, 1305856, below 80%
C -> T, 3, 1285349, 1285349, below 80%
A -> C, 3, 1283574, 1283574, below 80%
T -> A, 3, 1271053, 1271053, below 80%
A -> G, 3, 1282450, 1282450, below 80%
C -> G, 3, 9254, 9254, below 80%
C -> A, 3, 1283530, 1283530, below 80%
C -> T, 3, 1294506, 1294506, below 80%
A -> C, 3, 1293930, 1293930, below 80%
A -> T, 3, 1294392, 1294392, below 80%
C -> T, 3, 1273469, 1273469, below 80%
A -> G, 3, 1275838, 1275838, below 80%
C -> T, 3, 1306082, 1306082, below 80%
C -> T, 3, 1272239, 1272239, below 80%
C -> T, 3, 1266997, 1266997, below 80%
C -> A, 3, 1293874, 1293874, below 80%
C -> T, 3, 1279700, 1279700, below 80%
T -> A, 3, 1270737, 1270737, below 80%
G -> T, 3, 1281558, 1281558, below 80%
C -> T, 3, 1282587, 1282587, below 80%
C -> A, 3, 1264831, 1264831, below 80%
A -> C, 3, 1281560, 1281560, below 80%
T -> C, 3, 1297260, 1297260, below 80%
C -> T, 3, 1293713, 1293713, below 80%
A -> C, 3, 1299698, 1299698, below 80%
T -> C, 3, 1265339, 1265339, below 80%
C -> T, 3, 1277211, 1277211, below 80%
C -> A, 3, 1301496, 1301496, below 80%
C -> T, 3, 1266452, 1266452, below 80%
A -> T, 3, 1298088, 1298088, below 80%
A -> C, 3, 1304534, 1304534, below 80%
C -> A, 3, 1264786, 1264786, below 80%
A -> C, 3, 1306120, 1306120, below 80%
C -> T, 3, 1270733, 1270733, below 80%
A -> G, 3, 1280542, 1280542, below 80%
C -> T, 3, 1300269, 1300269, below 80%
C -> T, 3, 1275942, 1275942, below 80%
T -> A, 3, 1280093, 1280093, below 80%
T -> C, 3, 1298000, 1298000, below 80%
G -> A, 3, 9232, 9232, below 80%
C -> T, 3, 1269286, 1269286, below 80%
C -> T, 3, 1271511, 1271511, below 80%
C -> T, 3, 1301168, 1301168, below 80%
A -> T, 3, 1285591, 1285591, below 80%
C -> T, 3, 1296798, 1296798, below 80%
T -> A, 3, 1298155, 1298155, below 80%
C -> T, 3, 1269267, 1269267, below 80%
A -> G, 3, 1274944, 1274944, below 80%
T -> A, 3, 1283642, 1283642, below 80%
A -> T, 3, 1277647, 1277647, below 80%
A -> T, 3, 1275602, 1275602, below 80%
G -> T, 3, 1264863, 1264863, below 80%
A -> T, 3, 1283657, 1283657, below 80%
C -> T, 3, 1281735, 1281735, below 80%
A -> T, 3, 1297708, 1297708, below 80%
T -> C, 3, 1278829, 1278829, below 80%
C -> A, 3, 1270023, 1270023, below 80%
G -> A, 3, 1277161, 1277161, below 80%
T -> C, 3, 1275629, 1275629, below 80%
C -> T, 3, 1300289, 1300289, below 80%
A -> G, 3, 1300086, 1300086, below 80%
T -> G, 3, 1277160, 1277160, below 80%
T -> C, 3, 1282929, 1282929, below 80%
T -> C, 3, 1298127, 1298127, below 80%
A -> T, 3, 1300087, 1300087, below 80%
C -> T, 3, 1282621, 1282621, below 80%
A -> T, 3, 1298100, 1298100, below 80%
A -> T, 3, 1282639, 1282639, below 80%
A -> T, 3, 1269240, 1269240, below 80%
C -> A, 3, 1277370, 1277370, below 80%
A -> T, 3, 1298042, 1298042, below 80%
A -> C, 3, 1282966, 1282966, below 80%
T -> C, 3, 1282098, 1282098, below 80%
C -> T, 3, 1283303, 1283303, below 80%
C -> G, 3, 1296790, 1296790, below 80%
C -> T, 3, 1271038, 1271038, below 80%
C -> T, 3, 1280060, 1280060, below 80%
A -> T, 3, 1302536, 1302536, below 80%
C -> A, 3, 1303159, 1303159, below 80%
G -> T, 3, 1276091, 1276091, below 80%
A -> C, 3, 1278748, 1278748, below 80%
C -> G, 3, 1300084, 1300084, below 80%
A -> T, 3, 1300228, 1300228, below 80%
C -> A, 3, 1277227, 1277227, below 80%
C -> A, 3, 1280572, 1280572, below 80%
A -> C, 3, 1282568, 1282568, below 80%
T -> C, 3, 1301469, 1301469, below 80%
G -> A, 3, 1277156, 1277156, below 80%
A -> T, 3, 1277186, 1277186, below 80%
T -> A, 3, 1293732, 1293732, below 80%
A -> C, 3, 1300597, 1300597, below 80%
T -> C, 3, 1282512, 1282512, below 80%
T -> A, 3, 1297705, 1297705, below 80%
C -> T, 3, 1301301, 1301301, below 80%
G -> T, 4, 603896, 603896, SNP in common
C -> T, 4, 51255, 51255, SNP in common
A -> T, 4, 1044743, 1044743, SNP in common
A -> T, 4, 80832, 80832, SNP in common
A -> G, 4, 90450, 90450, below 80%
A -> T, 4, 1042895, 1042895, below 80%
C -> T, 4, 1042670, 1042670, below 80%
C -> T, 4, 1042688, 1042688, below 80%
G -> A, 4, 1042843, 1042843, below 80%
C -> A, 4, 442214, 442214, below 80%
G -> C, 4, 1043277, 1043277, below 80%
T -> G, 4, 90569, 90569, below 80%
A -> C, 4, 1043527, 1043527, below 80%
T -> A, 4, 1043528, 1043528, below 80%
G -> A, 4, 106779, 106779, below 80%
G -> A, 4, 1043526, 1043526, below 80%
A -> T, 4, 90576, 90576, below 80%
T -> A, 4, 1043495, 1043495, below 80%
T -> C, 4, 106736, 106736, below 80%
T -> A, 4, 1043517, 1043517, below 80%
C -> T, 4, 90580, 90580, below 80%
A -> G, 4, 1043525, 1043525, below 80%
A -> T, 4, 1043488, 1043488, below 80%
G -> T, 4, 106760, 106760, below 80%
A -> T, 4, 1043529, 1043529, below 80%
C -> A, 4, 1043500, 1043500, below 80%
C -> T, 4, 1043513, 1043513, below 80%
T -> A, 4, 1043519, 1043519, below 80%
A -> T, 4, 1043498, 1043498, below 80%
A -> C, 4, 1043521, 1043521, below 80%
G -> C, 4, 1043493, 1043493, below 80%
G -> T, 4, 1043515, 1043515, below 80%
A -> T, 4, 1043520, 1043520, below 80%
G -> A, 4, 1043460, 1043460, below 80%
T -> A, 4, 1043523, 1043523, below 80%
T -> A, 4, 1043468, 1043468, below 80%
C -> A, 4, 1043501, 1043501, below 80%
T -> G, 4, 1043462, 1043462, below 80%
G -> A, 4, 1043471, 1043471, below 80%
T -> G, 4, 1043530, 1043530, below 80%
A -> T, 4, 1043461, 1043461, below 80%
A -> C, 4, 1043470, 1043470, below 80%
T -> C, 4, 1042626, 1042626, below 80%
T -> A, 4, 1043457, 1043457, below 80%
T -> A, 4, 1043508, 1043508, below 80%
C -> G, 4, 1043458, 1043458, below 80%
C -> A, 4, 1043509, 1043509, below 80%
A -> C, 4, 1043511, 1043511, below 80%
A -> T, 4, 1043463, 1043463, below 80%
C -> A, 4, 1043465, 1043465, below 80%
T -> C, 4, 1043512, 1043512, below 80%
T -> A, 4, 1043473, 1043473, below 80%
A -> G, 4, 1043451, 1043451, below 80%
A -> G, 4, 1043456, 1043456, below 80%
T -> A, 4, 1043494, 1043494, below 80%
A -> T, 4, 1043496, 1043496, below 80%
C -> T, 4, 96770, 96770, below 80%
C -> A, 4, 1043454, 1043454, below 80%
G -> C, 4, 1043489, 1043489, below 80%
C -> T, 4, 3194, 3194, below 80%
A -> T, 4, 1043507, 1043507, below 80%
A -> T, 4, 1043455, 1043455, below 80%
T -> A, 4, 1043446, 1043446, below 80%
A -> T, 4, 1043447, 1043447, below 80%
T -> C, 4, 1043448, 1043448, below 80%
C -> T, 4, 1042860, 1042860, below 80%
A -> T, 4, 96766, 96766, below 80%
C -> A, 4, 1043445, 1043445, below 80%
A -> T, 4, 1043443, 1043443, below 80%
A -> C, 4, 1043472, 1043472, below 80%
A -> G, 4, 1041221, 1041221, below 80%
A -> T, 4, 1043441, 1043441, below 80%
T -> C, 4, 442002, 442002, below 80%
T -> G, 4, 96759, 96759, below 80%
T -> G, 4, 1043439, 1043439, below 80%
A -> C, 4, 1041208, 1041208, below 80%
C -> T, 4, 1043350, 1043350, below 80%
C -> A, 4, 1043444, 1043444, below 80%
T -> C, 4, 1042218, 1042218, below 80%
A -> T, 4, 1043435, 1043435, below 80%
T -> C, 4, 1043316, 1043316, below 80%
G -> A, 4, 1043437, 1043437, below 80%
T -> C, 4, 1043436, 1043436, below 80%
G -> A, 4, 1043433, 1043433, below 80%
C -> T, 4, 1043414, 1043414, below 80%
A -> C, 4, 1043432, 1043432, below 80%
A -> T, 4, 1043431, 1043431, below 80%
A -> C, 4, 1042234, 1042234, below 80%
A -> T, 4, 1042844, 1042844, below 80%
A -> G, 4, 1043426, 1043426, below 80%
A -> T, 4, 1043420, 1043420, below 80%
A -> C, 4, 1043424, 1043424, below 80%
A -> C, 4, 1043421, 1043421, below 80%
A -> T, 4, 1043406, 1043406, below 80%
A -> G, 4, 1042712, 1042712, below 80%
C -> A, 4, 1043410, 1043410, below 80%
A -> T, 4, 1043416, 1043416, below 80%
C -> A, 4, 1043411, 1043411, below 80%
T -> C, 4, 1043412, 1043412, below 80%
G -> C, 5, 342637, 342637, SNP in common
C -> G, 5, 346296, 346296, SNP in common
G -> A, 5, 346299, 346299, SNP in common
A -> G, 5, 346292, 346292, SNP in common
A -> C, 5, 346293, 346293, SNP in common
T -> G, 5, 339921, 339921, SNP in common
C -> T, 5, 338526, 338526, SNP in common
C -> T, 5, 70462, 70462, SNP in common
A -> T, 5, 342664, 342664, SNP in common
C -> T, 5, 339964, 339964, SNP in common
G -> T, 5, 349452, 349452, SNP in common
G -> A, 5, 344495, 344495, SNP in common
A -> G, 5, 344488, 344488, SNP in common
C -> G, 5, 344492, 344492, SNP in common
C -> T, 5, 342508, 342508, SNP in common
C -> T, 5, 339945, 339945, SNP in common
A -> C, 5, 344489, 344489, SNP in common
A -> G, 5, 339927, 339927, SNP in common
C -> T, 5, 70450, 70450, SNP in common
T -> C, 5, 70312, 70312, SNP in common
C -> T, 5, 70315, 70315, SNP in common
C -> T, 5, 70334, 70334, SNP in common
C -> T, 5, 335549, 335549, SNP in common
C -> T, 5, 70369, 70369, below 80%
T -> G, 5, 24237, 24237, below 80%
T -> A, 5, 39803, 39803, below 80%
T -> C, 5, 348224, 348224, below 80%
C -> T, 5, 348227, 348227, below 80%
T -> C, 5, 348225, 348225, below 80%
A -> G, 5, 39801, 39801, below 80%
A -> G, 5, 348241, 348241, below 80%
A -> G, 5, 348240, 348240, below 80%
T -> G, 5, 54863, 54863, below 80%
T -> A, 5, 26303, 26303, below 80%
C -> T, 5, 348249, 348249, below 80%
A -> G, 5, 342233, 342233, below 80%
A -> G, 5, 342232, 342232, below 80%
G -> T, 5, 39785, 39785, below 80%
G -> T, 5, 24226, 24226, below 80%
G -> T, 5, 54818, 54818, below 80%
G -> A, 5, 39766, 39766, below 80%
G -> A, 5, 58180, 58180, below 80%
T -> G, 5, 21658, 21658, below 80%
A -> T, 5, 39762, 39762, below 80%